currency,exchange_rate_from_usd
USD,1
MXN,17.6163
JPY,109.405
EUR,0.838539
GBP,0.776452
DKK,6.30132
CAD,1.25085
AUD,1.263255
NOK,7.82742
KRW,1126.07
BRL,3.1481
TWD,30.158